INSERT INTO ugyfelek (ugyfel_id, nev, szul_ido, tel_szam, email)
VALUES 
    (1, 'Kovács János', '1980-05-15', '+36123456789', 'kovacs.janos@example.com'),
    (2, 'Nagy Éva', '1992-10-20', '+36204567891', 'nagy.eva@example.com'),
    (3, 'Tóth Péter', '1985-07-03', '+36304561234', 'toth.peter@example.com'),
    (4, 'Szabó Anna', '1976-03-28', '+36405671234', 'szabo.anna@example.com'),
    (5, 'Horváth Gábor', '1990-12-10', '+36506782345', 'horvath.gabor@example.com'),
    (6, 'Kiss Andrea', '1988-09-25', '+36607893456', 'kiss.andrea@example.com'),
    (7, 'Molnár István', '1979-04-18', '+36708904567', 'molnar.istvan@example.com'),
    (8, 'Farkas Edit', '1995-01-30', '+36809015678', 'farkas.edit@example.com'),
    (9, 'Varga Bence', '1983-08-12', '+36900126789', 'varga.bence@example.com'),
    (10, 'Balogh Zsófia', '1998-06-05', '+36111234567', 'balogh.zsofia@example.com'),
    (11, 'Pintér Tamás', '1972-11-19', '+36212345678', 'pinter.tamas@example.com'),
    (12, 'Takács Judit', '1987-02-14', '+36323456789', 'takacs.judit@example.com'),
    (13, 'Simon László', '1993-05-22', '+36434567890', 'simon.laszlo@example.com'),
    (14, 'Németh Mariann', '1980-10-31', '+36545678901', 'nemeth.mariann@example.com'),
    (15, 'Kocsis Krisztián', '1975-07-08', '+36656789012', 'kocsis.krisztian@example.com'),
    (16, 'Bakos Dániel', '1989-12-03', '+36767890123', 'bakos.daniel@example.com'),
    (17, 'Vámos Lívia', '1991-09-16', '+36878901234', 'vamos.livia@example.com'),
    (18, 'Fehér Zoltán', '1978-04-27', '+36989012345', 'feher.zoltan@example.com'),
    (19, 'Rácz Katalin', '1984-01-14', '+36190123456', 'racz.katalin@example.com'),
    (20, 'Bognár Attila', '1996-08-28', '+36211234567', 'bognar.attila@example.com');

INSERT INTO palyak (palya_id, szam, talaj, "Kinti/Benti")
VALUES 
    (1, 1, 'Füves', 'Kinti'),
    (2, 2, 'Homokos', 'Kinti'),
    (3, 3, 'Salakos', 'Benti'),
    (4, 4, 'Füves', 'Kinti'),
    (5, 5, 'Homokos', 'Benti');

INSERT INTO foglalas (foglalas_id, ugyfel_id, palya_id, mettol, meddig)
VALUES 
    (0, 2, 1, '2024-05-21 09:00', '2024-05-21 11:00'),
    (1, 5, 3, '2024-05-22 10:00', '2024-05-22 12:00'),
    (2, 8, 2, '2024-05-23 11:00', '2024-05-23 13:00'),
    (3, 11, 5, '2024-05-24 12:00', '2024-05-24 14:00'),
    (4, 14, 4, '2024-05-25 13:00', '2024-05-25 15:00'),
    (5, 17, 1, '2024-05-26 14:00', '2024-05-26 16:00'),
    (6, 20, 3, '2024-05-27 15:00', '2024-05-27 17:00'),
    (7, 3, 2, '2024-05-28 16:00', '2024-05-28 18:00'),
    (8, 6, 5, '2024-05-29 17:00', '2024-05-29 19:00'),
    (9, 9, 1, '2024-05-30 18:00', '2024-05-30 20:00'),
    (10, 12, 3, '2024-05-31 19:00', '2024-05-31 21:00'),
    (11, 15, 4, '2024-06-01 20:00', '2024-06-01 22:00'),
    (12, 18, 5, '2024-06-02 21:00', '2024-06-02 23:00'),
    (13, 1, 2, '2024-06-03 22:00', '2024-06-03 00:00'),
    (14, 4, 1, '2024-06-04 23:00', '2024-06-05 01:00'),
    (15, 7, 3, '2024-06-05 00:00', '2024-06-05 02:00'),
    (16, 10, 5, '2024-06-06 01:00', '2024-06-06 03:00'),
    (17, 13, 2, '2024-06-07 02:00', '2024-06-07 04:00'),
    (18, 16, 1, '2024-06-08 03:00', '2024-06-08 05:00'),
    (19, 19, 3, '2024-06-09 04:00', '2024-06-09 06:00'),
    (20, 2, 4, '2024-06-10 05:00', '2024-06-10 07:00'),
    (21, 5, 2, '2024-06-11 06:00', '2024-06-11 08:00'),
    (22, 8, 1, '2024-06-12 07:00', '2024-06-12 09:00'),
    (23, 11, 3, '2024-06-13 08:00', '2024-06-13 10:00'),
    (24, 14, 5, '2024-06-14 09:00', '2024-06-14 11:00'),
    (25, 17, 4, '2024-06-15 10:00', '2024-06-15 12:00'),
    (26, 20, 1, '2024-06-16 11:00', '2024-06-16 13:00'),
    (27, 3, 3, '2024-06-17 12:00', '2024-06-17 14:00'),
    (28, 6, 5, '2024-06-18 13:00', '2024-06-18 15:00'),
    (29, 9, 2, '2024-06-19 14:00', '2024-06-19 16:00'),
    (30, 12, 1, '2024-06-20 15:00', '2024-06-20 17:00'),
    (31, 15, 3, '2024-06-21 16:00', '2024-06-21 18:00'),
    (32, 18, 4, '2024-06-22 17:00', '2024-06-22 19:00'),
    (33, 1, 5, '2024-06-23 18:00', '2024-06-23 20:00'),
    (34, 4, 2, '2024-06-24 19:00', '2024-06-24 21:00'),
    (35, 7, 1, '2024-06-25 20:00', '2024-06-25 22:00'),
    (36, 10, 3, '2024-06-26 21:00', '2024-06-26 23:00'),
    (37, 13, 5, '2024-06-27 22:00', '2024-06-27 00:00'),
    (38, 16, 4, '2024-06-28 23:00', '2024-06-29 01:00'),
    (39, 19, 2, '2024-06-29 00:00', '2024-06-29 02:00'),
    (40, 2, 3, '2024-06-30 01:00', '2024-06-30 03:00');

INSERT INTO berletek (berlet_id, ugyfel_id, mettol, meddig, tipus)
VALUES 
    (1, 3, '2024-04-01', '2024-05-31', 'Teljes szezon'),
    (2, 6, '2024-04-02', '2024-06-01', 'Részleges szezon'),
    (3, 9, '2024-04-03', '2024-06-02', 'Részleges szezon'),
    (4, 12, '2024-04-04', '2024-06-03', 'Teljes szezon'),
    (5, 15, '2024-04-05', '2024-06-04', 'Teljes szezon'),
    (6, 18, '2024-04-06', '2024-06-05', 'Részleges szezon'),
    (7, 1, '2024-04-07', '2024-06-06', 'Részleges szezon'),
    (8, 4, '2024-04-08', '2024-06-07', 'Teljes szezon'),
    (9, 7, '2024-04-09', '2024-06-08', 'Teljes szezon'),
    (10, 10, '2024-04-10', '2024-06-09', 'Részleges szezon'),
    (11, 13, '2024-04-11', '2024-06-10', 'Részleges szezon'),
    (12, 16, '2024-04-12', '2024-06-11', 'Teljes szezon'),
    (13, 19, '2024-04-13', '2024-06-12', 'Teljes szezon'),
    (14, 2, '2024-04-14', '2024-06-13', 'Részleges szezon'),
    (15, 5, '2024-04-15', '2024-06-14', 'Részleges szezon'),
    (16, 8, '2024-04-16', '2024-06-15', 'Teljes szezon'),
    (17, 11, '2024-04-17', '2024-06-16', 'Teljes szezon'),
    (18, 14, '2024-04-18', '2024-06-17', 'Részleges szezon'),
    (19, 17, '2024-04-19', '2024-06-18', 'Részleges szezon'),
    (20, 20, '2024-04-20', '2024-06-19', 'Teljes szezon');

INSERT INTO uto_berlesv2 (berles_id, uto, ugyfel_id, mettol, meddig)
VALUES 
    (1, 'GPS 567', 8, '2024-05-01', '2024-05-20'),
    (2, 'GPS 234', 3, '2024-05-02', '2024-05-21'),
    (3, 'GPS 789', 12, '2024-05-03', '2024-05-22'),
    (4, 'GPS 123', 6, '2024-05-04', '2024-05-23'),
    (5, 'GPS 456', 17, '2024-05-05', '2024-05-24'),
    (6, 'GPS 890', 15, '2024-05-06', '2024-05-25'),
    (7, 'GPS 345', 1, '2024-05-07', '2024-05-26'),
    (8, 'GPS 678', 5, '2024-05-08', '2024-05-27'),
    (9, 'GPS 901', 11, '2024-05-09', '2024-05-28'),
    (10, 'GPS 234', 20, '2024-05-10', '2024-05-29'),
    (11, 'GPS 567', 7, '2024-05-11', '2024-05-30'),
    (12, 'GPS 789', 2, '2024-05-12', '2024-05-31'),
    (13, 'GPS 123', 16, '2024-05-13', '2024-06-01'),
    (14, 'GPS 456', 10, '2024-05-14', '2024-06-02'),
    (15, 'GPS 890', 18, '2024-05-15', '2024-06-03'),
    (16, 'GPS 345', 4, '2024-05-16', '2024-06-04'),
    (17, 'GPS 678', 14, '2024-05-17', '2024-06-05'),
    (18, 'GPS 901', 9, '2024-05-18', '2024-06-06'),
    (19, 'GPS 234', 13, '2024-05-19', '2024-06-07');